csv_index,file_name,mouse1_topleft_x,mouse1_topleft_y,mouse1_rightdown_x,mouse1_rightdown_y,mouse1_nose_x,mouse1_nose_y,mouse1_leftear_x,mouse1_leftear_y,mouse1_rightear_x,mouse1_rightear_y,mouse1_leftHip_x,mouse1_leftHip_y,mouse1_rightHip_x,mouse1_rightHip_y,mouse1_tailBase_x,mouse1_tailBase_y,mouse1_tailEnd_x,mouse1_tailEnd_y,mouse2_topleft_x,mouse2_topleft_y,mouse2_rightdown_x,mouse2_rightdown_y,mouse2_nose_x,mouse2_nose_y,mouse2_leftear_x,mouse2_leftear_y,mouse2_rightear_x,mouse2_rightear_y,mouse2_leftHip_x,mouse2_leftHip_y,mouse2_rightHip_x,mouse2_rightHip_y,mouse2_tailBase_x,mouse2_tailBase_y,mouse2_tailEnd_x,mouse2_tailEnd_y
95.0,A_male_in_a_new_cage_face_view_3_2022-08-10_15-39-01_116.png,157.59727672731594,171.79625401355693,315.82774408371984,324.69909620644546,,,,,,,,,,,,,310.50011892020456,316.17489594482106,,,,,184.7681650612439,176.05835414436913,198.08722797003213,174.46006659531454,223.12706623855394,186.18084195504818,174.11291473421335,252.24339398263768,220.46325365679633,252.24339398263768,201.81656558449282,274.61941966940185,,
95.0,A_male_in_a_new_cage_face_view_3_2022-08-10_15-39-01_141.png,222.59430372220243,174.46006659531454,321.1553692472351,253.84168153169227,,,,,,,262.0187299322155,200.03266738018792,289.18961826614344,210.15515519086694,260.95320489951246,219.21211796884293,247.63414199072423,244.25195623736477,,,,,,,,,,,,,,,,,,
95.0,A_male_in_a_new_cage_face_view_3_2022-08-10_15-39-01_294.png,206.07866571530502,196.83609228207874,467.6650612439053,332.69053395171846,216.73391604233558,236.79328100844336,285.99304316803426,204.29476751100015,260.95320489951246,203.7620049946486,365.37465810441194,259.1693066952075,347.26073254846,243.18643120466172,392.0127839219884,261.3003567606137,454.34599833511714,329.4939588536093,,,,,,,,,,,,,,,,,,
95.0,A_male_in_a_new_cage_face_view_3_2022-08-10_15-39-01_655.png,231.6512665001784,74.83347603757875,292.91895588060413,189.37741705315736,,,239.64270424545134,80.16110120109403,254.5600547032941,75.89900107028183,256.6911047687002,111.06132714948268,279.5998929718159,108.93027708407658,275.3377928410037,127.57696515638008,281.1981805208705,185.64807943869664,,,,,,,,,,,,,,,,,,
95.0,A_male_in_a_new_cage_side_view_4_2022-08-10_15-39-03_181.png,130.42638839338804,101.4716018551552,231.11850398382688,262.3658817933167,,,152.80241408015223,99.34055178974904,178.3750148650256,107.8647520513735,140.01611368771555,186.18084195504818,160.79385182542512,188.31189202045428,174.64567725056486,219.21211796884293,219.39772862409325,255.43996908074686,,,,,,,,,,,,,,,,,,
95.0,A_male_in_a_new_cage_side_view_4_2022-08-10_15-39-03_190.png,142.14716375312167,194.1722797003211,266.28083006302774,274.08665715305034,148.54031394933997,246.9157688191224,179.97330241408014,212.8189677726246,148.00755143298846,208.55686764181237,210.8735283624688,242.65366868831018,196.3788186879582,232.06068957935602,223.65982875490545,235.7277559757403,219.93049114044476,255.43996908074686,,,,,,,,,,,,,,,,,,
95.0,A_male_in_a_new_cage_side_view_4_2022-08-10_15-39-03_730.png,140.01611368771555,195.23780473302415,327.5485194434535,293.7988702580569,,,,,,,152.80241408015223,244.25195623736477,181.57158996313473,241.58814365560713,187.96474015935308,256.5054941134499,316.8932691164229,286.3401950291355,,,,,,,,,,,,,,,,,,
95.0,A_male_in_a_new_cage_top_view_1_2022-08-10_15-39-00_1028.png,177.30948983232253,95.07845165893684,333.94166963967183,212.8189677726246,,,181.57158996313473,121.71657747651324,201.81656558449282,102.00436437150671,222.59430372220243,163.804816268284,244.43756689261505,135.56840290165297,254.0272921869426,171.7962540135569,329.6795695088596,187.77912950410277,,,,,,,,,,,,,,,,,,
95.0,A_male_in_a_new_cage_top_view_1_2022-08-10_15-39-00_134.png,380.82477107860626,231.99841836127962,545.98115114758,351.3372220240219,417.5853847068617,348.6734094422643,461.27191104768707,306.5851706504936,407.99565941253417,287.40572006183857,464.46848614579625,319.9042335592818,438.36312284457136,296.46268283981453,466.06677369485084,299.12649542157214,537.4569508859556,237.3260435247949,,,,,,,,,,,,,,,,,,
95.0,A_male_in_a_new_cage_top_view_1_2022-08-10_15-39-00_353.png,357.38322035913905,223.47421809965516,534.793138304198,326.2973837555001,369.1039957188727,234.66223094303726,365.9074206207635,255.43996908074686,396.8076465691521,230.40013081222503,421.31472232132245,308.18345819954817,440.4941729099774,269.8245570222381,457.5425734332263,300.1920204542752,533.7276132714949,257.0382566298014,,,,,,,,,,,,,,,,,,
95.0,A_male_in_a_new_cage_top_view_1_2022-08-10_15-39-00_683.png,-0.10042811273635266,161.14100368652635,154.93346414555833,295.39715780711145,8.95653466523963,171.2634914972054,4.161672018075876,214.9500178380307,35.0618979664645,176.59111666072067,86.73986205256273,273.02113212034726,91.00196218337496,216.01554287073375,120.83666309906053,245.31748127006782,161.3266143417767,242.65366868831018,,,,,,,,,,,,,,,,,,
95.0,A_male_in_a_new_cage_top_view_1_2022-08-10_15-39-00_755.png,180.5060649304317,108.93027708407658,354.7194077773814,234.66223094303726,222.59430372220243,122.78210250921632,189.03026519205616,117.98723986205255,215.66839100963256,116.92171482934953,204.48037816625043,184.04979188964205,241.77375431085744,174.46006659531454,254.0272921869426,189.91017956950887,347.7934950648115,224.5397431323582,,,,,,,,,,,,,,,,,,
95.0,A_male_meet_with_a_female_face_view_3_2022-08-10_15-43-17_1077.png,181.57158996313473,205.3602925437032,308.36906885479846,330.55948388631236,296.6482934950648,314.57660839576647,287.05856820073734,244.78471875371628,232.71679153288147,242.65366868831018,249.76519205613033,230.93289332857654,208.20971578071118,235.19499345938877,219.39772862409325,217.0810679034368,205.5459031989535,221.87593055060057,310.50011892020456,177.65664169342372,385.61963372577003,238.9243310738495,,,321.6881317635866,189.37741705315736,,,342.9986324176478,207.4913426091093,370.1695207515757,204.29476751100015,362.7108455226543,219.21211796884293,377.6281959804971,235.19499345938877
95.0,A_male_meet_with_a_female_face_view_3_2022-08-10_15-43-17_1204.png,208.7424782970627,174.99282911166608,386.15239624212154,257.0382566298014,,,348.3262575811631,189.37741705315736,369.6367582352242,193.63951718396956,305.1724937566893,209.62239267451542,335.53995718872636,213.3517302889761,296.1155309787133,224.5397431323582,218.86496610774174,254.37444404804378,249.76519205613033,177.12387917707218,375.497145915091,241.0553811392556,262.0187299322155,221.34316803424903,273.2067427755976,193.63951718396956,284.9275181353312,187.77912950410277,,,,,,,372.83333333333337,230.93289332857654
95.0,A_male_meet_with_a_female_face_view_3_2022-08-10_15-43-17_1275.png,152.26965156380072,191.50846711856346,293.45171839695564,292.73334522535384,162.3921393744797,253.30891901534073,217.26667855868715,204.82753002735166,173.58015221786184,195.23780473302415,240.17546676180285,240.52261862290405,,,249.23242953977882,247.44853133547392,289.72238078249495,239.457093590201,287.59133071708885,153.1495659412534,360.5797954572482,249.0468188845285,,,322.7536567962897,154.747853490308,346.7279700321085,168.59967891544775,294.5172434296587,202.16371744559402,323.8191818289928,211.22068022357,296.6482934950648,222.4086930669521,347.26073254846,236.26051849209185
95.0,A_male_meet_with_a_female_face_view_3_2022-08-10_15-43-17_1292.png,361.11255797359973,179.2549292424783,439.96141039362595,250.6451064335831,,,365.37465810441194,188.31189202045428,,,379.75924604590324,212.28620525627306,411.7249970269949,207.4913426091093,404.26632179807353,217.61383041978834,421.8474848376739,243.71919372101323,278.0016054227614,168.06691639909621,358.4487453918421,241.0553811392556,357.38322035913905,214.41725532167916,,,347.7934950648115,184.5825544059936,289.72238078249495,195.23780473302415,308.36906885479846,201.6309549292425,287.59133071708885,216.5483053870853,329.6795695088596,245.85024378641936
95.0,A_male_meet_with_a_female_face_view_3_2022-08-10_15-43-17_190.png,136.8195385896064,211.22068022357,341.9331073849447,340.68197169699135,157.06451421096443,333.75605898442154,192.22684029016528,259.1693066952075,173.04738970151027,252.24339398263768,314.22945653466525,269.2917945058866,,,336.07271970507793,273.02113212034726,350.9900701629207,270.35731953858965,,,,,,,,,,,,,,,,,,
95.0,A_male_meet_with_a_female_face_view_3_2022-08-10_15-43-17_329.png,173.927686934434,198.457675821559,259.27456739164944,285.93822829020485,207.53302111446254,273.1361962216225,227.8029052230512,228.32908398158443,186.72971900301627,221.92806794729327,240.07151928877596,217.6607239244325,210.20011112875056,209.65945388156854,,,,,259.807985394507,171.7867756786792,414.49920622320997,251.79947610731867,269.40950944594374,187.2558977615495,287.54572154310205,182.98855373868872,301.41458961739954,179.78804572154314,332.3528337831401,216.0604699158597,351.5558818860136,206.99236386728057,346.2217018574376,221.92806794729327,397.9632481346245,226.72882997301164
95.0,A_male_meet_with_a_female_face_view_3_2022-08-10_15-43-17_341.png,156.85831084299087,203.791855850135,340.8875218288617,321.14381647880623,330.21916177170976,296.60658834735676,297.68066359739635,243.26478806159713,282.7449595173837,246.4652960787427,,,190.99706302587708,250.19922209874588,,,,,198.99833306874103,177.12095570725515,387.29488807747254,261.934418161613,203.7990950944594,204.32527385299258,237.93784727734555,188.32273376726468,224.06897920304806,181.92171773297352,289.14597555167484,219.26097793300528,,,322.7513097317034,220.86123194157807,369.6920939831719,258.20049214160986
95.0,A_male_meet_with_a_female_face_view_3_2022-08-10_15-43-17_350.png,176.06135894586436,187.7893157644071,357.42347991744714,256.0668201301794,183.5292109858707,217.1273059215749,231.5368312430544,210.72628988728374,211.26694713446574,195.79058580727104,281.67812351166845,228.86250198444202,,,304.6150976345451,225.66199396729644,362.2242419431655,233.6632640101604,271.54318145737415,195.25716780441343,457.70606445467536,315.2762184473727,,,370.7589299888871,206.99236386728057,416.0994602317828,208.05919987299575,368.0918399745991,249.13238609303068,416.6328782346403,248.0655500873155,389.96197809176056,263.5346721701858,268.34267344022857,312.07571043022705
95.0,A_male_meet_with_a_female_face_view_3_2022-08-10_15-43-17_396.png,186.72971900301627,178.18779171297035,334.4865057945705,272.0693602159073,324.8849817431338,225.66199396729644,307.8156056516907,193.12349579298305,306.74876964597547,216.0604699158597,,,249.6730433402127,219.26097793300528,218.2013811716145,225.66199396729644,225.13581520876323,267.8020161930466,266.7424194316558,173.38702968725198,415.5660422289252,256.600238133037,,,,,,,,,,,331.81941578028255,226.72882997301164,407.5647721860612,248.5989680901731
95.0,A_male_meet_with_a_female_face_view_3_2022-08-10_15-43-17_428.png,164.32616288299727,182.98855373868872,305.6819336402603,259.8007461501826,300.8811716145419,217.6607239244325,291.2796475631052,185.1222257501191,284.878631528814,192.59007779012546,231.5368312430544,206.99236386728057,264.60874742022537,213.92679790442932,234.20392125734236,229.3959199872996,169.12692490871564,255.53340212732184,319.5508017145578,190.98982378155267,426.7678202889347,268.8688521987617,323.8181457374186,219.79439593586287,333.9530877917129,202.7250198444198,341.95435783457685,195.79058580727104,376.6265280203206,217.1273059215749,399.0300841403397,212.32654389585653,397.9632481346245,222.46148595015086,386.761470074615,264.0680901730434
95.0,A_male_meet_with_a_female_face_view_3_2022-08-10_15-43-17_450.png,224.60239720590562,200.5913478329894,311.0161136688363,305.6746943959359,291.2796475631052,269.93568820447695,287.54572154310205,214.4602159072869,241.13835529449113,220.32781393872048,,,,,,,,,205.3993491030322,182.98855373868872,491.8448166375615,316.3430544530878,492.378234640419,266.20176218447375,429.43491030322264,229.3959199872996,443.8371963803778,235.26351801873318,,,354.22297190030156,253.39973011589146,312.6163676774091,270.46910620733456,216.60112716304172,276.8701222416257
95.0,A_male_meet_with_a_female_face_view_3_2022-08-10_15-43-17_51.png,194.73098904588022,174.45386569296718,364.3579139545959,260.3341641530402,202.73225908874417,190.98982378155267,248.60620733449747,178.18779171297035,226.2026512144784,173.92044769010957,297.1472455945388,238.99744403873635,,,318.4839657088426,240.59769804730914,353.689553897444,237.93060803302114,,,,,,,,,,,,,,,,,,
95.0,A_male_meet_with_a_female_face_view_3_2022-08-10_15-43-17_545.png,251.80671535164305,180.85488172725834,368.0918399745991,296.60658834735676,,,321.6844737259882,183.5219717415463,349.9556278774408,195.25716780441343,276.3439434830925,213.92679790442932,321.1510557231306,228.32908398158443,289.6793935545324,240.06428004445155,350.4890458802984,283.80455627877444,275.2771074773773,139.7816955072234,357.42347991744714,231.52959199872998,,,292.879901571678,140.84853151293862,308.8824416574059,142.98220352436897,311.0161136688363,187.7893157644071,,,,,,
95.0,A_male_meet_with_a_female_face_view_3_2022-08-10_15-43-17_725.png,261.9416574059374,30.96442292427372,431.0351643117955,325.411160501667,392.0956501031909,34.698348944276916,408.0981901889188,86.97331322432132,350.48904588029836,84.30622321003335,374.49285600889027,244.86504207016992,319.5508017145578,237.93060803302114,,,,,377.69336402603585,184.05538974440393,455.5723924432449,268.8688521987617,404.8976821717732,249.66580409588826,428.3680742975075,209.65945388156857,396.8964121289093,204.32527385299258,,,,,,,,
95.0,A_male_meet_with_a_female_face_view_3_2022-08-10_15-43-17_839.png,118.45221463724396,100.30876329576125,407.0313541832036,313.1425464359422,132.32108271154146,112.57737736148601,180.86212097158273,141.38194951579618,170.1937609144308,127.51308144149868,209.13327512303533,249.66580409588826,,,236.33759326877276,270.46910620733456,390.4953960946181,285.40481028734723,281.1447055088109,174.98728369582477,379.2936180346086,231.52959199872998,,,,,,,333.9530877917129,201.124765835847,361.69082394030795,206.99236386728057,334.4865057945705,220.86123194157807,296.08040958882356,245.9318780758851
95.0,A_male_meet_with_a_female_face_view_3_2022-08-10_15-43-17_908.png,78.44586442292423,9.62770280996989,218.73479917447207,321.14381647880623,101.91625654865847,97.64167328147329,86.44713446578818,31.497840927131335,,,158.99198285442128,66.70342911573272,,,193.66415304016505,93.90774726147009,201.665423083029,299.80709636450234,168.59350690585802,85.90647721860614,380.8938720431814,295.5397523416416,180.32870296872517,110.44370535005561,257.14089538021904,115.7778853786316,243.8054453087791,100.84218129861887,300.3477536116843,249.13238609303068,,,322.7513097317034,250.73264010160347,368.0918399745991,238.46402603587876
95.0,A_male_meet_with_a_female_face_view_3_2022-08-10_15-43-17_955.png,113.65145261152561,12.294792824257854,245.4056993173519,321.6772344816638,137.65526274011745,32.03125892998895,205.93276710588975,56.035069058580746,171.26059692014599,20.82948086997942,162.19249087156686,133.91409747578984,,,154.1912208287029,188.8561517701223,236.33759326877276,303.5410223845055,176.06135894586436,181.38829973011593,391.02881409747573,288.6053183044928,182.99579298301313,240.06428004445155,243.8054453087791,209.12603587871095,200.59858707731382,203.25843784727738,320.617637720273,259.267328147325,,,333.41966978885534,258.2004921416098,382.49412605175417,251.79947610731867
95.0,A_male_meet_with_a_female_side_view_4_2022-08-10_15-43-20_1116.png,111.51778060009521,213.3933799015717,349.9556278774408,297.67342435307194,115.78512462295599,274.2030322273377,180.86212097158273,219.79439593586287,149.39045880298454,222.99490395300845,248.60620733449747,276.3367042387681,,,272.0765994602317,274.7364502301953,341.42093983171924,274.2030322273377,187.2631370058739,202.1916018415622,267.80925543737095,253.93314811874905,,,,,255.54064137164625,224.59515796158124,,,,,,,,
95.0,A_male_meet_with_a_female_side_view_4_2022-08-10_15-43-20_1156.png,134.45475472297187,197.92425781870142,275.8105254802349,297.67342435307194,146.72336878869658,264.601508175901,170.1937609144308,227.79566597872682,159.5254008572789,218.19414192729008,244.87228131449433,266.20176218447375,,,,,,,231.00341324019678,196.85742181298622,361.15740593745033,263.00125416732817,346.2217018574376,237.93060803302114,311.0161136688363,200.5913478329894,323.8181457374186,217.1273059215749,,,264.60874742022537,240.59769804730914,,,,
95.0,A_male_meet_with_a_female_side_view_4_2022-08-10_15-43-20_1161.png,136.58842673440222,208.05919987299575,276.3439434830925,291.8058263216384,147.25678679155413,265.13492617875863,174.46110493729157,221.92806794729327,164.32616288299727,211.25970789014133,247.5393713287823,271.53594221304974,,,,,,,235.2707572630576,195.25716780441343,491.8448166375615,279.00379425305607,477.97594856326396,259.8007461501826,439.569852357517,218.19414192729008,447.571122400381,222.99490395300845,,,378.760200031751,241.66453405302434,347.28853786315284,241.13111605016672,259.27456739164944,234.73010001587556
95.0,A_male_meet_with_a_female_side_view_4_2022-08-10_15-43-20_1300.png,161.65907286870925,199.5245118272742,461.97340847753605,316.8764724559454,460.9065724718208,284.33797428163206,423.5673122717891,240.59769804730914,409.69844419749165,250.73264010160347,,,314.7500396888394,265.1349261787586,265.67558342594054,254.99998412446425,184.0626289887283,279.00379425305607,397.4298301317669,109.37686934434043,589.9937291633593,314.20938244165745,611.3304492776631,122.17890141292276,570.2572630576282,131.24700746150188,583.0592951262105,130.71358945864426,,,566.523337037625,251.26605810446105,532.9180028575964,271.53594221304974,371.82576599460225,305.6746943959359
95.0,A_male_meet_with_a_female_side_view_4_2022-08-10_15-43-20_146.png,268.8760914430861,218.7275599301477,562.7894110176218,311.5422924273695,,,,,561.189157009049,233.6632640101604,,,503.5800127004286,279.5372122559137,458.7729004603905,285.40481028734723,292.879901571678,301.94076837593275,,,,,,,,,,,,,,,,,,
95.0,A_male_meet_with_a_female_side_view_4_2022-08-10_15-43-20_246.png,269.40950944594374,200.5913478329894,535.5850928718844,324.87774249880937,281.67812351166845,288.6053183044928,329.15232576599453,239.53086204159393,300.8811716145419,229.9293379901572,407.5647721860612,258.7339101444674,,,423.5673122717891,260.3341641530402,385.69463406889975,280.60404826162886,413.43237021749474,214.9936339101445,584.1261311319256,320.6103984759486,527.0504048261628,276.3367042387681,554.2547229719003,233.12984600730277,521.7162247975868,232.0630100015876,568.6570090490553,267.268598190189,,,508.3807747261469,274.2030322273377,436.902762343229,265.1349261787586
95.0,A_male_meet_with_a_female_side_view_4_2022-08-10_15-43-20_310.png,182.99579298301313,216.0604699158597,411.2986982060644,325.94457850452454,225.66923321162085,287.53848229877764,253.94038736307346,234.19668201301798,195.79782505159545,230.9961739958724,281.1447055088109,258.7339101444674,,,300.8811716145419,251.79947610731867,402.7640101603429,260.3341641530402,202.73225908874417,207.52578187013816,547.8537069376091,332.3455945388157,507.3139387204318,305.14127639307833,482.24329258612477,238.99744403873635,506.7805207175742,242.73137005873951,,,460.9065724718208,288.0719003016352,389.42856008890294,302.4741863787903,213.40061914589614,309.94203841879664
95.0,A_male_meet_with_a_female_side_view_4_2022-08-10_15-43-20_546.png,311.0161136688363,218.7275599301477,472.641768534688,320.076980473091,313.14978568026663,280.60404826162886,374.49285600889027,239.53086204159393,345.68828385458005,235.79693602159077,449.70479441181135,262.46783616447055,,,,,,,220.33505318304486,201.6581838387046,372.35918399745987,322.2106524845214,376.093110017463,233.6632640101604,333.41966978885534,208.59261787585336,354.22297190030156,210.19287188442615,,,288.6125575488172,251.26605810446105,245.4056993173519,267.268598190189,319.5508017145578,323.2774884902366
95.0,A_male_meet_with_a_female_side_view_4_2022-08-10_15-43-20_705.png,241.77375431085744,200.03266738018792,454.8787608514687,284.2091449637294,451.68218575335953,251.17786894993463,,,427.17511000118924,225.07250564870975,,,367.5057081698181,238.39156855749795,337.6710072541325,242.12090617195864,251.8962421215365,270.35731953858965,397.8731716018552,210.15515519086694,589.1349149720538,308.18345819954817,587.5366274229991,296.99544535616604,567.8244143179927,243.18643120466172,541.7190510167677,249.0468188845285,,,498.0325246759425,250.6451064335831,488.442799381615,247.44853133547392,389.88173385658223,260.7675942442621
95.0,A_male_meet_with_a_female_side_view_4_2022-08-10_15-43-20_714.png,84.07604947080509,205.3602925437032,401.60250921631587,307.1179331668451,86.20709953621122,247.44853133547392,105.38655012486623,233.59670591033418,125.09876322987276,227.7363182304674,178.90777738137712,253.84168153169227,,,226.32364133666312,259.1693066952075,396.2748840528006,294.33163277440843,320.6226067308836,207.4913426091093,518.2775002973005,290.60229515994774,509.2205375193245,255.97273159709837,496.4342371268879,221.87593055060057,463.9357236294447,217.61383041978834,,,423.97853490308006,250.11234391723156,414.3888096087525,248.514056368177,323.2864193126412,259.1693066952075
95.0,A_male_meet_with_a_female_side_view_4_2022-08-10_15-43-20_747.png,76.61737424188371,46.597062670947764,202.8820906171959,306.5851706504936,,,108.58312522297538,52.99021286716612,133.62296349149722,66.30927577595429,116.5745629682483,156.87890355571415,,,139.48335117136403,186.18084195504818,185.83369009394698,293.26610774170535,349.3917826138661,86.02148888096087,551.3087763110952,309.2489832322512,537.9897134023072,92.94740159353074,504.9584373885123,113.72513973124035,533.1948507551433,115.32342728029494,501.2290997740517,208.55686764181237,523.6051254608158,213.3517302889761,491.1066119633726,247.98129385182546,371.2350457842788,303.3885955523844
95.0,A_male_meet_with_a_female_side_view_4_2022-08-10_15-43-20_973.png,411.19223451064335,203.2292424782971,510.8188250683791,310.8472707813058,,,,,,,462.87019859674166,245.85024378641936,501.2290997740517,248.514056368177,483.6479367344512,266.09521940777745,415.9870971578071,306.05240813414207,523.6051254608158,66.30927577595429,605.650552978951,307.1179331668451,,,,,,,604.0522654298966,138.76497799976215,574.7503270305626,145.1581281959805,594.9953026519206,155.81337852301107,544.9156261148769,302.3230705196813
95.0,A_male_meet_with_a_female_side_view_4_2022-08-10_15-43-20_974.png,407.4628968961827,205.89305506005473,511.3515875847307,310.8472707813058,,,,,,,462.3374360803901,240.52261862290405,500.16357474134855,241.58814365560713,485.2462242835058,266.09521940777745,416.5198596741587,305.5196456177905,522.5396004281129,58.85060054703291,607.7816030443573,301.7903080033298,556.6364014746105,55.65402544892373,,,555.038113925556,103.6026519205613,608.3143655607089,144.625365679629,581.1434772267808,153.1495659412534,602.4539778808421,169.13244143179926,542.2518135331193,304.4541205850875
95.0,A_male_meet_with_a_female_top_view_1_2022-08-10_15-45-58_1001.png,210.34076584611728,105.7337019859674,340.86758235224164,205.89305506005473,336.07271970507793,180.8532167915329,316.36050660007135,143.55984064692592,296.6482934950648,170.73072898085385,,,259.35491735045787,158.47719110476874,239.10994172909977,161.67376620287789,254.0272921869426,113.72513973124035,273.2067427755976,161.14100368652635,366.440183137115,349.7389344749673,349.92454513021767,338.55092163158525,349.3917826138661,291.66782019265077,306.23801878939236,299.12649542157214,324.8847068616958,270.89008205494116,285.46028065168275,274.08665715305034,304.63973124033777,254.90720656439532,345.6624449994054,162.73929123558094
95.0,A_male_meet_with_a_female_top_view_1_2022-08-10_15-45-58_1064.png,133.62296349149722,138.76497799976215,259.35491735045787,308.18345819954817,163.4576644071828,148.8874658104412,146.40926388393387,161.14100368652635,168.78528957069807,160.6082411701748,157.597276727316,235.19499345938877,196.48894042097754,210.68791770721847,200.75104055178974,250.11234391723156,256.6911047687002,286.3401950291355,213.53734094422646,146.22365322868353,346.7279700321085,337.4853965988822,312.09840646925915,326.8301462718516,314.22945653466525,298.59373290522063,288.12409323344036,308.7162207158997,287.05856820073734,241.0553811392556,250.2979545724819,258.1037816625045,256.6911047687002,228.80184326317044,256.6911047687002,148.8874658104412
95.0,A_male_meet_with_a_female_top_view_1_2022-08-10_15-45-58_1150.png,124.03323819716971,45.531537638244686,308.90183137114997,226.1380306814128,137.88506362230945,51.39192531811153,151.73688904744915,83.89043881555472,172.5146271851587,68.44032584136039,195.95617790462603,148.3547032940897,213.53734094422646,122.2493399928648,223.65982875490545,149.95299084314428,295.05000594601023,217.0810679034368,256.1583422523487,109.99580211677966,487.9100368652634,192.5739921512665,263.61701748127007,136.63392793435605,281.730943037222,141.96155309787133,289.18961826614344,118.52000237840412,346.7279700321085,155.81337852301107,356.85045784278753,128.6424901890831,380.82477107860626,151.55127839219887,482.0496491853966,188.31189202045428
95.0,A_male_meet_with_a_female_top_view_1_2022-08-10_15-45-58_12.png,358.98150790819363,125.9786776073255,539.0552384350101,259.7020692115591,509.2205375193245,140.89602806516825,512.4171126174338,149.4202283267927,537.4569508859556,149.95299084314428,494.83594957783333,190.97570460221192,532.1293257224402,208.55686764181237,492.1721369960756,225.60526816506126,382.9558211440124,241.58814365560713,,,,,,,,,,,,,,,,,,
95.0,A_male_meet_with_a_female_top_view_1_2022-08-10_15-45-58_157.png,382.9558211440124,206.42581757640625,628.0265786657153,325.7646212391486,632.2886787965276,228.2690807468189,588.0693899393507,219.74488048519447,603.519502913545,262.89864430966827,532.1293257224402,265.02969437507437,538.5224759186585,291.66782019265077,522.0068379117613,286.3401950291355,411.7249970269949,274.61941966940185,,,,,,,,,,,,,,,,,,
95.0,A_male_meet_with_a_female_top_view_1_2022-08-10_15-45-58_443.png,210.34076584611728,151.0185158758473,359.51427042454515,277.81599476751103,331.27785705791416,253.30891901534073,295.5827684623618,225.07250564870975,284.9275181353312,261.3003567606137,254.0272921869426,219.74488048519447,232.71679153288147,243.18643120466172,234.84784159828757,210.68791770721847,312.09840646925915,163.27205375193248,362.1780830063028,83.3576762992032,586.4711023902962,204.82753002735168,584.3400523248899,98.27502675704602,543.850101082174,94.54568914258533,556.6364014746105,119.58552741110714,496.4342371268879,124.3803900582709,506.02396242121534,159.54271613747176,471.9271613747176,146.22365322868353,371.2350457842788,184.04979188964205
95.0,A_male_meet_with_a_female_top_view_1_2022-08-10_15-45-58_446.png,216.20115352598407,148.8874658104412,346.195207515757,268.2262694731835,332.3433820906172,248.51405636817697,298.7793435604709,208.02410512546084,280.665418004519,251.17786894993463,251.8962421215365,216.01554287073375,232.1840290165299,248.514056368177,235.38060411463908,212.28620525627306,303.0414436912832,156.87890355571415,373.8988583660364,63.11270067784517,592.331490070163,196.30332976572723,588.0693899393507,77.49728861933642,545.98115114758,77.49728861933642,555.5708764419076,105.20093946961589,501.76186229040314,119.58552741110714,509.7533000356761,145.69089071233202,481.51688666904505,140.36326554881674,385.61963372577003,174.46006659531454
95.0,A_male_meet_with_a_female_top_view_1_2022-08-10_15-45-58_518.png,208.20971578071118,105.20093946961589,274.80503032465214,324.16633369009395,268.94464264478535,111.06132714948268,241.77375431085744,114.25790224759186,262.55149244856705,128.1097276727316,222.59430372220243,173.92730407896303,256.1583422523487,180.32045427518136,243.37204185991203,206.95858009275778,235.9133666309906,319.37147104293024,306.23801878939236,112.12685218218576,510.28606255202766,225.60526816506126,312.63116898561066,157.94442858841717,345.1296824830539,156.87890355571415,338.20376977048403,122.78210250921632,409.59394696158876,153.68232845760497,415.45433464145566,124.3803900582709,434.6337852301106,154.21509097395648,505.4911999048639,213.3517302889761
95.0,A_male_meet_with_a_female_top_view_1_2022-08-10_15-45-58_762.png,54.241348555119515,208.55686764181237,224.19259127125702,358.79589725294335,103.2555000594601,355.59932215483417,99.52616244499941,310.8472707813058,65.96212391485312,314.04384587941496,155.46622666190984,286.872957545487,,,161.3266143417767,276.750469734808,208.7424782970627,224.00698061600667,242.83927934356046,175.52559162801762,387.75068379117613,337.4853965988822,,,329.6795695088596,185.64807943869667,356.8504578427875,187.7791295041028,320.6226067308836,243.71919372101323,362.17808300630276,245.85024378641933,340.8675823522417,284.7419074800809,252.9617671542395,317.24042097752414
95.0,A_male_meet_with_a_female_top_view_1_2022-08-10_15-45-58_781.png,40.92228564633132,226.67079319776434,238.04441669639675,359.8614222856464,92.067487216078,356.1320846711857,86.20709953621122,323.1008086573909,63.298311333095484,299.6592579379237,168.25252705434656,296.99544535616604,,,173.58015221786184,288.4712450945416,225.25811630396004,243.71919372101323,186.89921512665,138.23221548341064,327.01575692710196,320.9697585919848,,,208.20971578071118,163.27205375193248,218.86496610774174,143.55984064692592,260.95320489951246,189.91017956950887,287.05856820073734,171.7962540135569,291.32066833154954,203.2292424782971,300.9103936258771,305.5196456177905
95.0,A_male_meet_with_a_female_top_view_1_2022-08-10_15-45-58_835.png,1.4978594363182367,261.3003567606137,163.9904269235343,358.26313473659184,,,,,,,127.22981329527889,315.10937091211804,83.01052443810204,318.8387085265787,96.32958734689024,280.47980734926864,-0.10042811273635266,328.4284338209062,130.42638839338804,134.50287786894995,317.4260316327744,262.89864430966827,134.15572600784873,194.70504221667264,170.38357711975266,178.18940420977526,150.67136401474613,149.4202283267927,231.11850398382688,178.72216672612677,232.71679153288147,149.95299084314428,252.9617671542395,170.73072898085385,303.5742062076347,253.30891901534073
95.0,A_male_meet_with_a_female_top_view_1_2022-08-10_15-45-58_87.png,187.43197764300157,131.30630277084077,412.2577595433465,205.3602925437032,202.8820906171959,208.02410512546084,228.45469140206922,190.97570460221192,209.8080033297657,171.79625401355693,274.2722678083006,168.59967891544775,257.22386728505177,141.96155309787133,297.7138185277679,164.87034130098704,406.3973718634796,164.87034130098704,,,,,,,,,,,,,,,,,,
95.0,A_male_meet_with_a_female_top_view_1_2022-08-10_15-45-58_990.png,199.68551551908672,42.334962540135564,293.45171839695564,203.2292424782971,223.12706623855394,50.326400285408454,219.93049114044476,88.68530146271848,249.76519205613033,82.8249137828517,238.04441669639675,141.96155309787133,262.0187299322155,163.27205375193248,239.10994172909977,168.06691639909621,229.5202164347723,120.65105244381022,244.97032940896662,171.7962540135569,363.7763705553574,355.59932215483417,279.5998929718159,350.8044595076704,306.23801878939236,299.65925793792366,259.35491735045787,299.6592579379237,323.8191818289928,283.14361993102636,280.665418004519,279.4142823165656,302.50868117493167,263.4314068260198,339.8020573195386,173.3945415626115
95.0,A_male_meet_with_the_other_cage_male_face_view_3_2022-08-10_15-46-01_12.png,229.5202164347723,195.7705672493757,523.6051254608158,344.9440718278036,508.68777500297307,295.39715780711145,470.8616363420145,226.67079319776434,484.71346176715423,242.12090617195864,,,394.1438339873945,268.2262694731835,349.92454513021767,294.33163277440843,262.55149244856705,272.48836960399575,,,,,,,,,,,,,,,,,,
95.0,A_male_meet_with_the_other_cage_male_face_view_3_2022-08-10_15-46-01_15.png,246.03585444166964,192.041229634915,493.23766202877874,338.01815911523374,491.63937447972415,273.55389463669883,452.2149482697111,213.3517302889761,487.37727434891195,224.5397431323582,,,422.38024735402547,271.42284457129267,362.1780830063028,291.13505767629925,262.0187299322155,273.02113212034726,,,,,,,,,,,,,,,,,,
95.0,A_male_meet_with_the_other_cage_male_face_view_3_2022-08-10_15-46-01_197.png,289.18961826614344,184.5825544059936,471.9271613747176,260.7675942442621,454.8787608514687,239.98985610655254,441.026935426329,205.89305506005473,417.5853847068617,210.68791770721847,,,388.8162088238792,221.87593055060057,376.02990843144255,218.14659293613988,306.7707813057439,233.06394339398267,,,,,,,,,,,,,,,,,,
95.0,A_male_meet_with_the_other_cage_male_face_view_3_2022-08-10_15-46-01_242.png,126.69705077892735,193.63951718396956,347.26073254846,323.1008086573909,136.8195385896064,251.17786894993463,200.21827803543823,234.66223094303726,185.83369009394698,216.01554287073375,278.0016054227614,266.09521940777745,,,299.3121060768225,259.1693066952075,325.9502318943989,250.11234391723156,303.0414436912832,186.71360447139972,442.092460459032,272.48836960399575,314.22945653466525,241.58814365560713,333.94166963967183,206.42581757640625,321.1553692472351,197.9016173147818,384.55410869306695,218.6793554524914,,,414.3888096087525,225.60526816506126,405.33184683077656,262.89864430966827
95.0,A_male_meet_with_the_other_cage_male_face_view_3_2022-08-10_15-46-01_340.png,211.4062908788203,157.94442858841717,496.4342371268879,319.9042335592818,215.13562849328105,277.81599476751103,251.8962421215365,252.77615649898922,242.30651682720895,233.59670591033418,363.24360803900584,252.24339398263768,,,395.20935902009757,246.38300630277087,493.23766202877874,167.00139136639316,167.719764537995,152.08404090855038,270.0101676774884,271.42284457129267,243.37204185991197,188.31189202045428,,,,,218.33220359139017,208.02410512546084,263.08425496491856,207.4913426091093,232.71679153288147,223.47421809965516,186.3664526102985,268.2262694731835
95.0,A_male_meet_with_the_other_cage_male_face_view_3_2022-08-10_15-46-01_351.png,181.57158996313473,176.05835414436913,329.14680699250806,282.07809489832323,,,221.52877868949935,189.91017956950887,251.36347960518492,197.9016173147818,195.95617790462603,220.81040551789752,244.97032940896662,230.93289332857654,210.34076584611728,236.26051849209185,322.7536567962897,216.01554287073375,202.8820906171959,131.30630277084077,331.27785705791416,265.5624568914259,220.46325365679633,136.63392793435605,244.43756689261505,148.8874658104412,252.429004637888,145.15812819598045,260.95320489951246,203.2292424782971,,,278.5343679391129,220.81040551789752,316.8932691164229,260.23483172791055
95.0,A_male_meet_with_the_other_cage_male_face_view_3_2022-08-10_15-46-01_431.png,199.15275300273515,184.5825544059936,493.7704245451302,317.24042097752414,216.73391604233558,273.02113212034726,271.0756927101915,243.71919372101323,268.94464264478535,225.60526816506126,384.55410869306695,263.4314068260198,,,422.91300987037704,256.5054941134499,478.85307408728744,217.61383041978834,248.6996670234273,162.73929123558094,319.5570816981805,234.12946842668572,265.21530503032466,219.74488048519447,290.2551432988465,202.16371744559402,266.81359257937925,195.23780473302415,309.4345938875015,208.55686764181237,,,,,,
95.0,A_male_meet_with_the_other_cage_male_face_view_3_2022-08-10_15-46-01_443.png,228.45469140206922,73.76795100487573,483.11517421809964,306.5851706504936,452.74771078606256,97.74226424069451,422.91300987037704,109.46303960042809,444.22351052443815,112.12685218218576,395.7421215364491,195.7705672493757,426.64234748483767,202.16371744559402,381.35753359495783,228.2690807468189,248.6996670234273,283.6763824473778,242.83927934356046,177.65664169342372,333.40890712332026,261.8331192769652,310.50011892020456,244.78471875371628,306.77078130574387,202.16371744559402,280.1326554881675,206.42581757640625,,,262.55149244856705,208.55686764181237,,,339.8020573195386,208.02410512546084
95.0,A_male_meet_with_the_other_cage_male_face_view_3_2022-08-10_15-46-01_661.png,268.94464264478535,197.9016173147818,428.7733975502438,312.9783208467119,330.2123320252111,254.37444404804378,328.081281959805,204.82753002735166,276.9360803900583,205.89305506005473,362.1780830063028,242.12090617195864,,,,,264.68254251397315,252.77615649898922,251.36347960518492,130.77354025448926,340.33481983589013,226.67079319776434,327.01575692710196,146.22365322868353,297.7138185277679,144.09260316327743,317.4260316327744,149.4202283267927,,,291.85343084790105,192.041229634915,,,,
95.0,A_male_meet_with_the_other_cage_male_face_view_3_2022-08-10_15-46-01_662.png,240.17546676180285,184.04979188964205,442.092460459032,320.4369960756333,412.2577595433465,259.1693066952075,378.16095849684865,206.42581757640625,353.65388274467836,215.48278035438224,,,289.72238078249495,262.89864430966827,,,255.0928172196456,252.24339398263768,252.9617671542395,128.6424901890831,338.73653228683554,233.06394339398267,334.47443215602334,140.36326554881674,303.5742062076347,140.89602806516825,320.0898442145321,146.22365322868353,275.33779284100365,190.44294208586038,296.6482934950648,194.1722797003211,268.94464264478535,217.61383041978834,,
95.0,A_male_meet_with_the_other_cage_male_face_view_3_2022-08-10_15-46-01_836.png,254.0272921869426,144.625365679629,438.36312284457136,243.18643120466172,278.5343679391129,169.6652039481508,303.0414436912832,173.3945415626115,307.83630633844695,165.93586633369011,352.5883577119753,208.55686764181237,,,373.3660958496849,212.8189677726246,432.50273516470446,229.33460577952198,,,,,,,,,,,,,,,,,,
95.0,A_male_meet_with_the_other_cage_male_face_view_3_2022-08-10_15-46-01_860.png,244.43756689261505,98.80778927339753,446.3545605898442,273.02113212034726,425.57682245213465,118.52000237840412,394.1438339873945,125.44591509097393,401.06974669996436,130.2407777381377,,,384.02134617671544,195.23780473302415,355.25217029373295,217.61383041978834,262.0187299322155,264.49693185872286,315.2949815673683,144.625365679629,383.48858366036393,243.71919372101323,353.1211202283268,176.59111666072067,356.317695326436,165.40310381733858,327.5485194434535,170.19796646450234,,,329.6795695088596,205.3602925437032,,,,
95.0,A_male_meet_with_the_other_cage_male_side_view_4_2022-08-10_15-46-03_1141.png,127.22981329527889,202.69647996194556,348.3262575811631,281.0125698656202,,,149.60583898204305,230.40013081222503,,,218.3322035913901,238.9243310738495,,,244.43756689261505,241.0553811392556,340.86758235224164,263.9641693423713,,,,,,,,,,,,,,,,,,
95.0,A_male_meet_with_the_other_cage_male_side_view_4_2022-08-10_15-46-03_303.png,292.3861933642526,193.10675466761805,523.0723629444642,303.9213580687359,,,500.6963372577001,230.400130812225,493.23766202877874,236.26051849209185,,,415.45433464145566,245.85024378641936,393.0783089546914,241.58814365560713,299.3121060768225,215.48278035438224,504.9584373885123,217.61383041978834,584.8728148412415,310.31450826495427,572.6192769651564,268.75903198953506,571.5537519324535,234.12946842668572,534.7931383041978,242.12090617195867,,,511.3515875847307,261.8331192769652,,,,
95.0,A_male_meet_with_the_other_cage_male_side_view_4_2022-08-10_15-46-03_326.png,95.26406231418719,117.98723986205255,258.2893923177548,331.6250089190154,117.64008800095138,140.89602806516825,165.05595195623738,152.6168034249019,,,210.8735283624688,268.2262694731835,,,,,,,220.99601617314784,127.57696515638008,497.49976215959094,349.2061719586158,223.65982875490545,265.02969437507437,276.9360803900583,253.30891901534073,284.3947556189797,235.7277559757403,398.93869663455826,285.2746699964324,,,450.08389820430494,276.21770721845644,491.1066119633726,137.16669045070756
95.0,A_male_meet_with_the_other_cage_male_side_view_4_2022-08-10_15-46-03_327.png,127.7625758116304,130.77354025448926,266.81359257937925,337.4853965988822,158.1300392436675,165.93586633369011,192.75960280651685,159.54271613747176,139.48335117136403,153.68232845760497,226.85640385301463,265.5624568914259,,,,,,,209.80800332976577,183.51702937329054,473.5254489237721,350.80445950767046,220.46325365679633,246.38300630277087,260.95320489951246,234.66223094303726,275.8705553573552,225.60526816506126,378.69372101320016,283.6763824473778,,,419.1836722559163,281.5453323819718,459.6736234986325,234.12946842668572
95.0,A_male_meet_with_the_other_cage_male_side_view_4_2022-08-10_15-46-03_364.png,48.913723391604236,45.531537638244686,332.34338209061724,340.68197169699135,93.13301224878109,53.52297538351763,135.2212510405518,78.5628136520395,,,162.3921393744797,242.12090617195864,,,177.84225234867404,251.17786894993463,379.75924604590324,311.3800332976573,152.26965156380072,161.14100368652635,395.20935902009757,323.1008086573909,,,,,,,190.62855274111075,259.1693066952075,,,235.38060411463908,275.1521821857534,374.43162088238796,284.2091449637294
95.0,A_male_meet_with_the_other_cage_male_side_view_4_2022-08-10_15-46-03_39.png,128.82810084433345,195.23780473302415,373.8988583660364,287.40572006183857,143.74545130217624,250.6451064335831,177.8422523486741,224.0069806160067,163.9904269235343,218.14659293613985,225.25811630396004,250.11234391723156,,,252.429004637888,255.43996908074686,364.8418955880604,267.69350695683204,,,,,,,,,,,,,,,,,,
95.0,A_male_meet_with_the_other_cage_male_side_view_4_2022-08-10_15-46-03_564.png,138.9505886550125,171.2634914972054,292.91895588060413,291.13505767629925,263.08425496491856,230.93289332857654,274.2722678083006,201.09819241289097,242.83927934356046,201.09819241289097,,,212.47181591152338,245.85024378641936,,,166.65423950529197,228.2690807468189,259.8876798668094,213.3517302889761,493.23766202877874,340.68197169699135,,,269.4774051611369,250.11234391723156,,,309.96735640385305,291.66782019265077,,,377.6281959804971,317.24042097752414,473.5254489237722,312.9783208467119
95.0,A_male_meet_with_the_other_cage_male_side_view_4_2022-08-10_15-46-03_589.png,69.69146152931384,167.53415388274468,249.76519205613033,335.3543465334761,231.6512665001784,224.5397431323582,188.4975026757046,196.30332976572723,170.38357711975266,202.16371744559402,,,93.6657747651326,247.98129385182546,,,,,151.73688904744915,185.11531692234513,478.85307408728744,340.14920918063984,,,,,,,227.9219288857177,285.2746699964324,,,294.5172434296587,291.13505767629925,467.6650612439053,324.166333690094
95.0,A_male_meet_with_the_other_cage_male_side_view_4_2022-08-10_15-46-03_716.png,23.873885123082403,3.443298846473965,147.47478891663695,284.7419074800809,,,,,,,46.782673326198136,150.4857533594958,88.33814960161732,148.8874658104412,77.68289927458676,195.23780473302415,132.55743845879417,276.750469734808,157.597276727316,197.36885479843028,377.6281959804971,327.3629087882032,,,298.2465810441194,225.07250564870975,,,285.46028065168275,276.21770721845644,341.9331073849447,275.1521821857534,313.1639315019622,302.3230705196813,168.78528957069807,317.24042097752414
95.0,A_male_meet_with_the_other_cage_male_side_view_4_2022-08-10_15-46-03_793.png,26.00493518848853,-0.28603876798672445,174.64567725056486,161.14100368652635,103.2555000594601,124.91315257462242,92.067487216078,48.728112736353864,40.38952312997978,79.62833868474252,127.7625758116304,11.967499108098423,,,,,,,83.54328695445358,121.18381496016173,268.94464264478535,311.91279581400886,99.52616244499941,134.50287786894995,146.94202640028544,139.83050303246523,,,161.8593768581282,233.59670591033418,,,193.82512783921987,246.38300630277087,258.2893923177548,297.52820787251756
95.0,A_male_meet_with_the_other_cage_male_side_view_4_2022-08-10_15-46-03_832.png,153.33517659650374,176.05835414436913,278.5343679391129,279.4142823165656,273.7395052919491,206.95858009275778,242.83927934356046,185.64807943869664,234.84784159828757,202.69647996194556,,,176.77672731597102,246.9157688191224,,,,,225.25811630396004,178.18940420977526,420.2491972886193,331.0922464026639,,,,,,,276.9360803900583,245.85024378641936,314.7622190510168,240.52261862290405,313.69669401831374,267.16074444048047,406.3973718634796,320.4369960756334
95.0,A_male_meet_with_the_other_cage_male_side_view_4_2022-08-10_15-46-03_845.png,,,,,,,,,,,,,,,,,,,,,,,,,,,,,,,,,,,,
95.0,A_male_meet_with_the_other_cage_male_side_view_4_2022-08-10_15-46-03_983.png,3.628909501724337,15.164074206207601,206.6114282316566,305.5196456177905,6.825484599833516,51.92468783446304,50.512010940658826,18.89341182066829,,,55.306873587822565,164.87034130098704,,,74.48632417647761,204.29476751100015,193.29236532286836,293.26610774170535,61.70002378404092,89.21806397907005,191.16131525746226,306.05240813414207,77.15013675823522,112.65961469853727,121.90218813176358,120.11828992745865,,,158.66280176001902,222.4086930669521,121.90218813176358,221.87593055060057,,,,
95.0,A_male_meet_with_the_other_cage_male_top_view1_2022-08-10_15-40-59_1116.png,366.9729456534665,170.73072898085385,506.5567249375669,299.6592579379237,416.5198596741587,294.86439529075994,465.0012486621477,277.81599476751103,436.7648352955168,250.6451064335831,496.9669996432394,242.12090617195864,462.3374360803901,237.3260435247949,470.32887382566304,225.07250564870975,380.29200856225475,185.11531692234513,318.4915566654775,200.56542989653943,525.2034130098705,332.15777143536695,511.88435010108225,293.7988702580569,501.76186229040314,282.07809489832323,510.8188250683791,309.7817457486027,441.55969794268054,301.7903080033298,440.4941729099774,331.0922464026639,412.25775954334637,298.5937329052206,332.87614460696875,218.6793554524914
95.0,A_male_meet_with_the_other_cage_male_top_view1_2022-08-10_15-40-59_172.png,333.94166963967183,206.42581757640625,546.5139136639316,344.4113093114521,524.6706504935189,334.82158401712456,547.0466761802832,301.2575454869783,524.1378879771673,315.10937091211804,503.36014983945773,248.514056368177,486.8445118325604,276.750469734808,464.46848614579625,255.97273159709837,355.25217029373295,236.79328100844336,,,,,,,,,,,,,,,,,,
95.0,A_male_meet_with_the_other_cage_male_top_view1_2022-08-10_15-40-59_463.png,337.13824473778095,233.59670591033418,550.7760137947437,333.75605898442154,358.4487453918421,309.2489832322512,388.2834463075277,317.24042097752414,384.55410869306695,287.9384825781901,458.0753359495779,324.6990962064455,463.9357236294447,286.872957545487,484.1806992508028,315.10937091211804,548.6449637293376,257.0382566298014,390.4144963729338,119.05276489475563,525.736175526222,314.04384587941496,504.42567487216087,302.8558330360329,519.875787846355,273.55389463669883,492.7048995124272,277.81599476751103,503.8929123558093,210.68791770721847,464.46848614579625,216.01554287073375,468.1978237602569,197.9016173147818,400.53698418361284,131.83906528719228
95.0,A_male_meet_with_the_other_cage_male_top_view1_2022-08-10_15-40-59_500.png,173.04738970151027,211.75344273992152,417.05262219051025,310.31450826495427,182.6371149958378,233.59670591033418,193.29236532286836,250.6451064335831,204.48037816625043,222.4086930669521,251.36347960518492,280.47980734926864,267.8791176120823,238.39156855749795,291.32066833154954,275.1521821857534,410.6594719942919,262.3658817933167,191.16131525746226,98.27502675704602,263.08425496491856,317.77318349387565,215.13562849328105,108.39751456772507,206.07866571530502,122.78210250921632,225.25811630396004,113.72513973124035,221.52877868949935,184.5825544059936,254.5600547032941,167.00139136639316,241.77375431085744,204.29476751100015,240.17546676180285,310.31450826495427
95.0,A_male_meet_with_the_other_cage_male_top_view1_2022-08-10_15-40-59_608.png,208.20971578071118,260.2348317279106,443.157985491735,333.22329646807,,,232.1840290165299,314.04384587941496,224.72535378760853,288.47124509454164,285.46028065168275,323.1008086573909,299.3121060768225,284.7419074800809,324.8847068616958,313.51108336306345,439.96141039362595,303.3885955523844,268.94464264478535,37.540099892971796,432.50273516470446,254.90720656439532,366.9729456534665,44.466012605541664,358.4487453918421,79.62833868474252,389.88173385658223,76.43176358663334,370.1695207515757,145.69089071233202,403.73355928172197,149.4202283267927,373.8988583660364,172.32901652990844,291.85343084790105,240.52261862290405
95.0,A_male_meet_with_the_other_cage_male_top_view1_2022-08-10_15-40-59_752.png,165.5887144725889,87.0870139136639,258.82215483410636,191.50846711856346,201.81656558449282,181.3859793078844,203.94761564989892,150.4857533594958,179.44053989772863,152.08404090855038,230.0529789511238,119.05276489475563,206.07866571530502,105.20093946961589,,,,,222.59430372220243,96.67673920799143,454.8787608514687,199.49990486383638,228.45469140206922,138.76497799976215,249.76519205613033,155.28061600665956,259.35491735045787,123.8476275419194,313.1639315019622,161.67376620287789,315.2949815673683,132.90459031989536,339.8020573195386,151.0185158758473,446.88732310619565,179.78769175882982
95.0,A_male_meet_with_the_other_cage_male_top_view1_2022-08-10_15-40-59_830.png,197.02170293732905,145.1581281959805,313.69669401831374,285.2746699964324,305.1724937566893,277.2832322511595,282.2637055535736,242.65366868831018,268.41188012843384,263.9641693423713,246.5686169580212,211.75344273992152,211.93905339517187,237.3260435247949,222.06154120585092,200.56542989653943,299.844868593174,156.34614103936258,298.7793435604709,173.3945415626115,420.2491972886193,332.15777143536695,313.69669401831374,303.9213580687359,338.20376977048403,314.04384587941496,332.87614460696875,286.872957545487,407.99565941253417,269.8245570222381,372.83333333333337,258.636544178856,400.0042216672613,245.31748127006782,309.4345938875015,190.4429420858604
95.0,A_male_meet_with_the_other_cage_male_top_view1_2022-08-10_15-40-59_872.png,199.68551551908672,67.90756332500888,317.95879414912594,297.52820787251756,222.06154120585092,78.03005113568793,214.60286597692948,107.8647520513735,238.04441669639675,104.66817695326438,232.1840290165299,165.40310381733858,264.14977999762164,157.41166607206566,251.8962421215365,186.18084195504818,300.3776311095255,284.2091449637294,329.14680699250806,120.65105244381022,536.3914258532525,208.55686764181237,342.46586990129623,150.4857533594958,375.497145915091,164.87034130098704,378.69372101320016,138.23221548341064,422.38024735402547,171.7962540135569,429.3061600665954,139.83050303246523,445.2890355571412,157.41166607206566,526.2689380425734,184.04979188964205
95.0,A_male_meet_with_the_other_cage_male_top_view1_2022-08-10_15-40-59_894.png,119.77113806635748,1.8450112974193758,248.6996670234273,93.48016410988225,,,137.88506362230945,5.0415863955285545,157.06451421096443,3.443298846473965,170.38357711975266,79.095576168391,210.34076584611728,65.77651325960278,,,,,153.8679391128553,71.63690093946963,365.9074206207635,228.80184326317044,,,186.3664526102985,100.40607682245212,208.7424782970627,95.61121417528835,222.06154120585092,165.93586633369011,252.429004637888,148.8874658104412,258.82215483410636,177.12387917707218,354.18664526102987,209.62239267451542
95.0,A_male_meet_with_the_same_cage_mate_face_view_3_2022-08-10_15-41-02_1067.png,132.02467594244263,135.56840290165297,368.0384706861696,312.9783208467119,148.54031394933997,171.7962540135569,201.81656558449282,164.33757878463553,181.57158996313473,142.49431561422284,264.68254251397315,255.97273159709837,,,289.18961826614344,258.636544178856,358.4487453918421,242.65366868831018,315.2949815673683,158.47719110476874,500.16357474134855,267.69350695683204,338.20376977048403,227.20355571411585,352.05559519562377,207.4913426091093,345.6624449994054,197.9016173147818,409.59394696158876,222.94145558330362,,,419.71643477226786,228.80184326317044,453.8132358187657,236.79328100844336
95.0,A_male_meet_with_the_same_cage_mate_face_view_3_2022-08-10_15-41-02_107.png,225.25811630396004,171.7962540135569,418.6509097395647,249.0468188845285,236.97889166369367,217.61383041978834,255.62557973599718,200.56542989653943,249.23242953977882,189.91017956950887,309.4345938875015,209.62239267451542,,,330.2123320252111,212.8189677726246,406.3973718634796,238.9243310738495,,,,,,,,,,,,,,,,,,
95.0,A_male_meet_with_the_same_cage_mate_face_view_3_2022-08-10_15-41-02_305.png,265.74806754667617,169.13244143179926,330.2123320252111,226.67079319776434,301.4431561422286,208.55686764181237,315.2949815673683,186.71360447139972,290.78790581519803,183.51702937329054,,,274.2722678083006,196.30332976572723,,,226.85640385301463,222.94145558330362,,,,,,,,,,,,,,,,,,
95.0,A_male_meet_with_the_same_cage_mate_face_view_3_2022-08-10_15-41-02_313.png,231.11850398382688,177.65664169342372,317.4260316327744,226.67079319776434,279.5998929718159,204.29476751100015,304.1069687239862,184.04979188964205,282.2637055535736,181.91874182423595,313.1639315019622,202.69647996194556,,,,,226.85640385301463,213.3517302889761,,,,,,,,,,,,,,,,,,
95.0,A_male_meet_with_the_same_cage_mate_face_view_3_2022-08-10_15-41-02_415.png,160.79385182542512,172.32901652990844,426.64234748483767,339.08368414793676,184.7681650612439,242.12090617195864,262.0187299322155,200.03266738018792,228.98745391842078,188.31189202045428,286.5258056843858,286.872957545487,,,301.9759186585801,286.872957545487,420.2491972886193,328.9611963372578,289.72238078249495,133.97011535259838,444.7562730407896,320.9697585919848,304.63973124033777,168.06691639909621,353.65388274467836,137.69945296705913,304.63973124033777,137.16669045070756,381.35753359495783,252.77615649898922,,,389.88173385658223,258.1037816625045,406.3973718634796,245.85024378641936
95.0,A_male_meet_with_the_same_cage_mate_face_view_3_2022-08-10_15-41-02_467.png,240.17546676180285,166.46862885004163,313.69669401831374,259.1693066952075,,,,,,,257.22386728505177,198.96714234748487,289.18961826614344,201.6309549292425,262.0187299322155,219.74488048519447,266.28083006302774,263.4314068260198,230.58574146747532,180.8532167915329,413.85604709240107,235.7277559757403,404.26632179807353,212.28620525627306,382.42305862766085,188.84465453680582,396.2748840528006,196.30332976572723,,,362.1780830063028,209.62239267451542,321.6881317635866,216.01554287073375,237.51165418004518,224.00698061600667
95.0,A_male_meet_with_the_same_cage_mate_face_view_3_2022-08-10_15-41-02_693.png,182.6371149958378,217.61383041978834,463.4029611130931,336.95263408253066,451.68218575335953,325.7646212391486,414.9215721251041,259.1693066952075,403.73355928172197,267.16074444048047,,,290.78790581519803,280.47980734926864,252.429004637888,278.3487572838626,200.21827803543823,262.3658817933167,358.98150790819363,104.66817695326438,409.59394696158876,224.00698061600667,377.6281959804971,112.65961469853727,394.1438339873945,109.46303960042809,403.2007967653705,109.99580211677966,385.61963372577003,152.6168034249019,407.4628968961827,152.08404090855038,394.1438339873945,178.72216672612677,388.8162088238792,219.21211796884293
95.0,A_male_meet_with_the_same_cage_mate_face_view_3_2022-08-10_15-41-02_858.png,320.6226067308836,159.00995362112025,382.9558211440124,247.98129385182546,383.48858366036393,163.27205375193248,353.1211202283268,165.93586633369011,366.440183137115,168.59967891544775,,,360.5797954572482,213.88449280532765,341.4003448685932,224.00698061600667,352.05559519562377,249.0468188845285,380.29200856225475,73.76795100487573,425.57682245213465,227.7363182304674,425.57682245213465,91.88187656082766,399.47145915090977,82.29215126650018,414.3888096087525,84.9559638482578,,,402.66803424901894,145.69089071233202,394.1438339873945,166.46862885004163,395.20935902009757,219.21211796884293
95.0,A_male_meet_with_the_same_cage_mate_face_view_3_2022-08-10_15-41-02_878.png,291.85343084790105,116.38895231299796,394.676596503746,234.12946842668572,385.61963372577003,117.98723986205255,358.4487453918421,125.44591509097393,367.5057081698181,126.511440123677,,,363.24360803900584,186.71360447139972,343.5313949339993,203.7620049946486,296.6482934950648,231.99841836127962,362.1780830063028,78.5628136520395,427.17511000118924,225.60526816506126,422.38024735402547,97.74226424069451,393.611071471043,88.15253894636697,411.19223451064335,88.15253894636692,,,409.59394696158876,146.22365322868353,389.3489713402307,165.93586633369011,371.7678083006303,203.7620049946486
95.0,A_male_meet_with_the_same_cage_mate_face_view_3_2022-08-10_15-41-02_905.png,252.9617671542395,152.08404090855038,380.82477107860626,243.18643120466172,317.4260316327744,159.00995362112022,326.4829944107504,163.804816268284,340.33481983589013,154.21509097395648,342.9986324176478,207.4913426091093,369.6367582352242,207.4913426091093,350.9900701629207,227.7363182304674,271.608455226543,233.06394339398267,304.63973124033777,168.06691639909621,401.60250921631587,225.60526816506126,,,364.8418955880604,170.73072898085385,376.02990843144255,170.73072898085385,,,393.611071471043,204.82753002735166,382.9558211440124,217.61383041978834,309.4345938875015,221.34316803424903
95.0,A_male_meet_with_the_same_cage_mate_face_view_3_2022-08-10_15-41-02_951.png,309.96735640385305,177.65664169342372,389.3489713402307,242.65366868831018,353.1211202283268,234.12946842668572,363.7763705553574,202.16371744559402,336.07271970507793,201.6309549292425,,,325.9502318943989,203.2292424782971,274.2722678083006,125.9786776073255,513.4826376501369,325.7646212391486,507.0894874539185,148.8874658104412,487.37727434891195,117.45447734570104,462.87019859674166,138.76497799976215,,,,,,,436.7648352955168,253.84168153169227,399.47145915090977,258.1037816625045,300.9103936258771,293.26610774170535
95.0,A_male_meet_with_the_same_cage_mate_side_view_4_2022-08-10_15-41-04_1075.png,85.14157450350814,210.15515519086694,390.4144963729338,298.59373290522063,96.32958734689024,271.95560708764424,110.71417528838151,234.66223094303726,128.82810084433345,228.80184326317044,194.89065287192295,275.1521821857534,,,249.23242953977882,268.75903198953506,365.37465810441194,254.90720656439532,429.3061600665954,224.00698061600667,596.5935902009751,322.5680461410394,,,532.1293257224402,244.25195623736477,555.038113925556,233.06394339398267,545.4483886312285,266.62798192412896,599.7901652990843,266.09521940777745,572.0865144488048,308.18345819954817,442.092460459032,330.55948388631236
95.0,A_male_meet_with_the_same_cage_mate_side_view_4_2022-08-10_15-41-04_184.png,533.7276132714949,10.901974075395401,638.681828992746,300.1920204542752,,,,,,,612.0437031751694,97.74226424069451,572.0865144488048,79.095576168391,576.8813770959687,125.44591509097393,572.0865144488048,278.3487572838626,,,,,,,,,,,,,,,,,,
95.0,A_male_meet_with_the_same_cage_mate_side_view_4_2022-08-10_15-41-04_202.png,533.1948507551433,11.967499108098423,631.755916280176,338.01815911523374,637.0835414436913,66.30927577595429,,,607.2488405280058,22.08998691877747,576.3486145796171,110.52856463313117,,,580.6107147104294,170.19796646450234,541.1862885004164,315.64213342846955,,,,,,,,,,,611.5109406588181,120.11828992745865,,,,,,
95.0,A_male_meet_with_the_same_cage_mate_side_view_4_2022-08-10_15-41-04_267.png,62.76554881674397,207.4913426091093,359.51427042454515,350.8044595076704,,,97.39511237959329,224.5397431323582,136.8195385896064,229.8673682958735,97.39511237959329,283.14361993102636,157.597276727316,274.08665715305034,149.07307646569154,302.3230705196813,350.4573076465692,347.0751218932097,,,,,,,,,,,,,,,,,,
95.0,A_male_meet_with_the_same_cage_mate_side_view_4_2022-08-10_15-41-04_317.png,56.372398620525644,187.24636698775123,284.9275181353312,352.9355095730765,279.0671304554644,245.85024378641936,247.10137947437272,210.15515519086694,252.9617671542395,225.60526816506126,,,156.53175169461292,259.1693066952075,106.9848376739208,262.89864430966827,75.55184920918063,334.82158401712456,288.65685574979193,202.69647996194556,534.2603757878464,281.5453323819718,523.6051254608158,261.8331192769652,493.7704245451302,227.20355571411585,503.36014983945773,235.19499345938877,,,460.7391485313355,260.7675942442621,412.79052205969793,254.90720656439532,301.4431561422286,261.3003567606137
95.0,A_male_meet_with_the_same_cage_mate_side_view_4_2022-08-10_15-41-04_334.png,104.32102509216315,203.7620049946486,386.6851587584731,309.2489832322512,389.3489713402307,243.71919372101323,363.7763705553574,216.01554287073375,348.8590200975146,225.07250564870975,,,270.0101676774884,257.0382566298014,226.85640385301463,265.02969437507437,108.58312522297538,295.92992032346297,398.4059341182067,217.61383041978834,572.6192769651564,309.7817457486027,549.7104887620408,293.7988702580569,559.3002140563683,247.44853133547392,525.736175526222,247.98129385182546,,,503.8929123558093,255.97273159709837,495.90147461053635,251.71063146628615,412.2577595433465,256.5054941134499
95.0,A_male_meet_with_the_same_cage_mate_side_view_4_2022-08-10_15-41-04_441.png,103.2555000594601,201.09819241289097,409.59394696158876,315.64213342846955,114.4435129028422,274.08665715305034,125.09876322987276,231.99841836127962,145.87650136758236,224.5397431323582,195.42341538827446,257.57101914615293,,,248.6996670234273,266.62798192412896,402.66803424901894,301.2575454869783,,,,,,,,,,,,,,,,,,
95.0,A_male_meet_with_the_same_cage_mate_side_view_4_2022-08-10_15-41-04_56.png,134.15572600784873,210.15515519086694,371.2350457842788,282.6108574146748,140.54887620406708,254.37444404804378,170.38357711975266,226.1380306814128,155.9989891782614,218.14659293613988,212.47181591152338,242.12090617195864,,,245.50309192531813,256.5054941134499,366.440183137115,275.1521821857534,,,,,,,,,,,,,,,,,,
95.0,A_male_meet_with_the_same_cage_mate_side_view_4_2022-08-10_15-41-04_616.png,115.50903793554525,80.6938637174456,218.86496610774174,285.2746699964324,,,146.40926388393387,95.07845165893684,173.04738970151027,100.93883933880363,129.89362587703653,178.72216672612677,166.12147698894046,173.3945415626115,153.8679391128553,202.16371744559402,198.61999048638364,273.55389463669883,270.54293019383994,221.34316803424903,501.2290997740517,326.2973837555001,417.05262219051025,271.95560708764424,422.91300987037704,230.40013081222503,,,429.83892258294685,259.7020692115591,490.04108693066956,260.7675942442621,446.88732310619577,281.5453323819718,283.8619931026281,337.4853965988822
95.0,A_male_meet_with_the_same_cage_mate_side_view_4_2022-08-10_15-41-04_672.png,112.84522535378761,109.46303960042809,198.08722797003213,275.1521821857534,122.43495064811512,136.10116541800454,155.46622666190984,137.69945296705913,154.93346414555833,112.65961469853727,155.46622666190984,179.78769175882985,,,162.3921393744797,203.7620049946486,165.05595195623738,260.7675942442621,429.83892258294685,219.21211796884293,541.1862885004164,316.7076584611726,,,479.385836603639,233.06394339398267,,,486.3117493162088,250.11234391723156,529.4655131406826,246.38300630277087,508.68777500297307,267.16074444048047,439.96141039362595,320.4369960756333
95.0,A_male_meet_with_the_same_cage_mate_side_view_4_2022-08-10_15-41-04_785.png,98.99339992864788,215.48278035438224,395.20935902009757,342.28025924604594,,,114.97627541919374,237.8588060411464,140.01611368771555,224.00698061600667,173.58015221786184,274.08665715305034,,,228.98745391842073,284.2091449637294,387.2179212748246,325.7646212391486,224.72535378760853,213.88449280532765,531.0638006897373,328.9611963372578,516.6792127482461,308.7162207158997,483.6479367344512,250.11234391723156,494.83594957783333,268.2262694731835,,,385.61963372577003,283.14361993102636,348.8590200975146,279.9470448329172,245.50309192531813,278.3487572838626
95.0,A_male_meet_with_the_same_cage_mate_top_view_1_2022-08-10_15-43-15_1016.png,386.6851587584731,111.59408966583425,527.3344630752765,286.872957545487,,,496.9669996432394,128.6424901890831,520.4085503627066,131.83906528719228,483.6479367344512,182.984266856939,518.2775002973005,184.5825544059936,497.49976215959094,219.74488048519447,404.7990843144251,259.1693066952075,495.90147461053635,259.1693066952075,621.633428469497,347.0751218932097,521.4740753954097,345.4768343441551,574.2175645142111,314.04384587941496,550.2432512783923,289.00400761089315,609.3798905934118,310.31450826495427,,,,,510.28606255202766,296.46268283981453
95.0,A_male_meet_with_the_same_cage_mate_top_view_1_2022-08-10_15-43-15_143.png,165.05595195623738,105.20093946961589,371.2350457842788,197.36885479843028,187.96474015935308,192.041229634915,189.03026519205616,175.52559162801762,174.11291473421335,154.747853490308,243.37204185991203,132.90459031989536,,,267.34635509573076,122.2493399928648,353.6538827446783,159.00995362112027,,,,,,,,,,,,,,,,,,
95.0,A_male_meet_with_the_same_cage_mate_top_view_1_2022-08-10_15-43-15_194.png,316.8932691164229,206.95858009275778,544.9156261148769,315.64213342846955,,,524.6706504935189,222.4086930669521,545.4483886312285,245.31748127006782,476.1892615055298,250.6451064335831,492.1721369960756,287.9384825781901,445.82179807349274,274.08665715305034,335.53995718872636,257.0382566298014,,,,,,,,,,,,,,,,,,
95.0,A_male_meet_with_the_same_cage_mate_top_view_1_2022-08-10_15-43-15_201.png,358.98150790819363,177.12387917707218,545.4483886312285,312.9783208467119,,,530.5310381733857,187.77912950410277,546.5139136639316,205.3602925437032,477.7875490545844,229.8673682958735,509.2205375193245,253.30891901534073,460.7391485313355,259.7020692115591,370.70228326792727,283.6763824473778,,,,,,,,,,,,,,,,,,
95.0,A_male_meet_with_the_same_cage_mate_top_view_1_2022-08-10_15-43-15_322.png,169.85081460340115,97.20950172434294,415.9870971578071,186.18084195504818,189.03026519205616,185.64807943869664,222.59430372220243,174.99282911166608,201.2838030681413,151.0185158758473,280.665418004519,144.625365679629,265.74806754667617,122.78210250921632,301.9759186585801,125.44591509097393,397.8731716018552,124.3803900582709,299.3121060768225,160.0754786538233,514.5481626828398,251.71063146628615,311.56564395290764,172.86177904625998,309.4345938875015,195.7705672493757,336.07271970507793,175.52559162801762,355.78493281008446,242.65366868831018,385.61963372577003,200.56542989653943,413.85604709240096,236.26051849209182,508.68777500297307,224.5397431323582
95.0,A_male_meet_with_the_same_cage_mate_top_view_1_2022-08-10_15-43-15_439.png,244.43756689261505,255.43996908074686,444.7562730407896,344.4113093114521,288.12409323344036,330.0267213699608,289.72238078249495,290.60229515994774,258.2893923177548,293.26610774170535,313.69669401831374,304.98688310143893,333.40890712332026,270.35731953858965,347.26073254846,307.1179331668451,437.29759781186823,311.3800332976573,315.82774408371984,159.54271613747176,487.37727434891195,340.14920918063984,469.2633487929599,171.2634914972054,451.68218575335953,181.3859793078844,472.4599238910691,189.91017956950887,426.64234748483767,239.457093590201,460.20638601498393,249.57958140088004,429.83892258294685,270.89008205494116,330.74509454156265,338.55092163158525
95.0,A_male_meet_with_the_same_cage_mate_top_view_1_2022-08-10_15-43-15_446.png,201.81656558449282,245.85024378641936,449.5511356879534,349.2061719586158,,,235.9133666309906,292.20058270900233,231.11850398382688,263.9641693423713,303.0414436912832,304.986883101439,316.8932691164229,266.62798192412896,334.47443215602334,304.4541205850875,434.6337852301106,322.0352836246879,316.8932691164229,123.8476275419194,506.02396242121534,258.636544178856,324.3519443453443,153.68232845760497,354.7194077773814,161.67376620287789,357.91598287549056,133.43735283624687,413.85604709240107,171.7962540135569,424.5112974194316,139.29774051611366,445.82179807349274,166.46862885004163,495.3687120941848,246.9157688191224
95.0,A_male_meet_with_the_same_cage_mate_top_view_1_2022-08-10_15-43-15_480.png,299.844868593174,111.59408966583425,435.69931026281364,195.23780473302415,320.6226067308836,178.18940420977526,356.85045784278753,169.6652039481508,342.46586990129623,143.55984064692592,405.8646093471281,149.4202283267927,399.47145915090977,123.8476275419194,,,,,413.3232845760495,115.32342728029494,516.6792127482461,318.8387085265787,428.7733975502438,137.16669045070756,451.68218575335953,147.82194077773812,469.2633487929599,133.43735283624687,478.320311570936,214.41725532167916,501.2290997740517,211.22068022357,486.8445118325604,243.18643120466172,418.6509097395647,301.7903080033298
95.0,A_male_meet_with_the_same_cage_mate_top_view_1_2022-08-10_15-43-15_604.png,118.17285051730289,162.2065287192294,362.1780830063028,274.08665715305034,118.70561303365443,190.4429420858604,151.73688904744915,209.08963015816389,157.06451421096443,177.12387917707218,219.39772862409325,225.07250564870975,230.0529789511238,197.36885479843028,250.8307170888334,211.75344273992152,354.7194077773814,260.2348317279106,264.14977999762164,118.52000237840412,425.57682245213465,271.95560708764424,,,356.85045784278753,131.83906528719228,381.35753359495783,120.65105244381022,356.85045784278753,184.5825544059936,392.0127839219884,187.24636698775123,365.9074206207635,212.28620525627306,273.2067427755976,269.8245570222381
95.0,A_male_meet_with_the_same_cage_mate_top_view_1_2022-08-10_15-43-15_733.png,179.44053989772863,159.00995362112025,365.37465810441194,296.46268283981453,,,195.42341538827446,182.98426685693897,213.53734094422646,165.93586633369011,232.71679153288147,237.8588060411464,263.08425496491856,214.41725532167916,275.8705553573552,245.85024378641936,356.31769532643597,268.75903198953506,417.5853847068617,93.48016410988225,604.5850279462481,259.7020692115591,613.1092282078725,105.7337019859674,565.1606017362351,103.6026519205613,581.1434772267808,135.56840290165297,527.3344630752765,167.00139136639316,549.1777262456892,181.91874182423595,517.2119752645974,189.37741705315736,432.50273516470446,244.25195623736477
95.0,A_male_meet_with_the_same_cage_mate_top_view_1_2022-08-10_15-43-15_813.png,43.05333571173742,122.78210250921632,251.36347960518492,235.19499345938877,67.56041146390771,205.3602925437032,91.00196218337496,169.6652039481508,54.774111071471054,146.22365322868353,138.9505886550125,174.99282911166608,152.26965156380072,151.55127839219887,171.44910215245574,168.59967891544775,238.57717921274826,215.48278035438224,352.5883577119753,200.03266738018792,529.9982756570341,331.0922464026639,501.76186229040314,325.7646212391486,514.5481626828398,285.2746699964324,485.2462242835058,285.807432512784,495.3687120941848,232.53118087763113,463.4029611130931,255.43996908074686,456.4770484005233,228.80184326317044,375.497145915091,266.62798192412896
95.0,A_male_meet_with_the_same_cage_mate_top_view_1_2022-08-10_15-43-15_82.png,289.72238078249495,175.52559162801762,492.7048995124272,306.5851706504936,488.442799381615,281.0125698656202,455.41152336782017,243.18643120466172,442.092460459032,283.14361993102636,392.5455464383399,242.12090617195864,374.43162088238796,277.2832322511595,364.8418955880604,239.98985610655254,294.5172434296587,185.11531692234513,,,,,,,,,,,,,,,,,,
95.0,A_male_meet_with_the_same_cage_mate_top_view_1_2022-08-10_15-43-15_888.png,194.89065287192295,103.06988940420979,336.07271970507793,209.62239267451542,,,212.47181591152338,115.85618979664645,235.9133666309906,122.24933999286475,220.99601617314784,183.51702937329054,256.1583422523487,168.06691639909621,257.22386728505177,201.09819241289097,330.74509454156265,184.5825544059936,457.5425734332263,245.31748127006782,634.4197288619337,356.66484718753725,,,,,,,,,537.4569508859556,318.8387085265787,534.793138304198,290.60229515994774,475.65649898917826,254.90720656439532
95.0,A_male_meet_with_the_same_cage_mate_top_view_1_2022-08-10_15-43-15_917.png,333.40890712332026,160.6082411701748,571.0209894161019,306.05240813414207,557.169163990962,295.92992032346297,543.850101082174,244.78471875371628,507.0894874539185,274.08665715305034,499.09804970864553,228.80184326317044,464.46848614579625,252.24339398263768,459.1408609822809,224.00698061600667,348.3262575811631,169.13244143179926,467.13229872755386,282.6108574146748,636.5507789273397,356.1320846711857,629.0921036984184,333.22329646807,622.6989535022001,287.9384825781901,605.1177904625997,306.5851706504936,,,534.2603757878464,325.7646212391486,,,,
95.0,A_male_meet_with_the_same_cage_mate_top_view_1_2022-08-10_15-43-15_991.png,367.5057081698181,161.14100368652635,590.7332025211083,297.52820787251756,583.274527292187,274.08665715305034,559.3002140563683,234.12946842668572,544.9156261148769,262.89864430966827,,,478.320311570936,261.3003567606137,461.27191104768707,233.59670591033418,375.497145915091,169.6652039481508,502.8273873231063,267.16074444048047,625.8955286003093,350.2716969913189,535.3259008205494,339.61644666428833,580.6107147104294,308.18345819954817,555.5708764419076,287.40572006183857,,,,,,,,
